[
  {
    "title": "A very tall man",
    "author": "Cornelius Wambi Gulere",
    "subject": "English Reader",
    "grade": "Pre-primary",
    "level": "Level 1",
    "language": "English",
    "coverHref": "03da6d5c-42b6-4164-9089-e9f30df84c64/OEBPS/Images/cover.png",
    "rootUrl": "03da6d5c-42b6-4164-9089-e9f30df84c64"
  },
  {
    "title": "Akai's special mat",
    "author": "Ursula Nafula",
    "subject": "English Reader",
    "grade": "Grade 2",
    "level": "Level 2",
    "language": "English",
    "coverHref": "3efdd396-bbae-40c2-b714-85fc40d83401/OEBPS/Images/cover.png",
    "rootUrl": "3efdd396-bbae-40c2-b714-85fc40d83401"
  },
  {
    "title": "Anansi and the Vulture",
    "author": "Ghanaian Folktale",
    "subject": "English Reader",
    "grade": "Grade 3",
    "level": "Level 3",
    "language": "English",
    "coverHref": "80cecbce-bea0-420f-8b2c-73a6ed93c90c/OEBPS/Images/cover.png",
    "rootUrl": "80cecbce-bea0-420f-8b2c-73a6ed93c90c"
  },
  {
    "title": "Atieno's Friend",
    "author": "Aisha Nelson",
    "subject": "English Reader",
    "grade": "Grade 2",
    "level": "Level 2",
    "language": "English",
    "coverHref": "4cb733d1-8d23-4f04-9fe2-c2988d025851/OEBPS/Images/cover.jpg",
    "rootUrl": "4cb733d1-8d23-4f04-9fe2-c2988d025851"
  },
  {
    "title": "Bunty and Bubbly",
    "author": "Sorit Gupto",
    "subject": "English Reader",
    "grade": "Pre-primary",
    "level": "Level 1",
    "language": "English",
    "coverHref": "ce78692c-d47e-4ddd-8101-938716ca0c4e/OEBPS/Images/cover.png",
    "rootUrl": "ce78692c-d47e-4ddd-8101-938716ca0c4e"
  },
  {
    "title": "Children of wax",
    "author": "Southern African Folktale",
    "subject": "English Reader",
    "grade": "Grade 1",
    "level": "Level 1",
    "language": "English",
    "coverHref": "5c130731-f85a-4569-9578-7c573e0519eb/OEBPS/Images/cover.png",
    "rootUrl": "5c130731-f85a-4569-9578-7c573e0519eb"
  },
  {
    "title": "Dancing",
    "author": "Tessa Welch",
    "subject": "English Reader",
    "grade": "Grade 1",
    "level": "Level 1",
    "language": "English",
    "coverHref": "03d53b97-449d-458c-9a30-06c8bac87c7d/OEBPS/Images/cover.png",
    "rootUrl": "03d53b97-449d-458c-9a30-06c8bac87c7d"
  },
  {
    "title": "Elephant and Hippo",
    "author": "Terkule Aorabee",
    "subject": "English Reader",
    "grade": "Grade 3",
    "level": "Level 3",
    "language": "English",
    "coverHref": "6bc439f7-1947-4257-a236-f10c5b9bde07/OEBPS/Images/cover.jpg",
    "rootUrl": "6bc439f7-1947-4257-a236-f10c5b9bde07"
  },
  {
    "title": "First Man and First Woman",
    "author": "Southern African Folktale",
    "subject": "English Reader",
    "grade": "Grade 1",
    "level": "Level 1",
    "language": "English",
    "coverHref": "1acf863e-f9b7-4749-a6c5-761f80eaa9be/EPUB/images/cover.png",
    "rootUrl": "1acf863e-f9b7-4749-a6c5-761f80eaa9be"
  },
  {
    "title": "Fruit",
    "author": "Shakira Bodio",
    "subject": "English Reader",
    "grade": "Grade 3",
    "level": "Level 3",
    "language": "English",
    "coverHref": "0ab7cb37-8d38-4ddb-9eac-1a331a8845fc/OEBPS/Images/cover.png",
    "rootUrl": "0ab7cb37-8d38-4ddb-9eac-1a331a8845fc"
  },
  {
    "title": "King of the birds",
    "author": "South African Folktale",
    "subject": "English Reader",
    "grade": "Grade 2",
    "level": "Level 2",
    "language": "English",
    "coverHref": "81c784f8-bab9-4856-8fd4-472e5ab5895e/OEBPS/Images/cover.png",
    "rootUrl": "81c784f8-bab9-4856-8fd4-472e5ab5895e"
  },
  {
    "title": "Lazy Anansi",
    "author": "Ghanaian Folktale",
    "subject": "English Reader",
    "grade": "Grade 3",
    "level": "Level 3",
    "language": "English",
    "coverHref": "b24d0c03-999d-473d-9485-5d095d189d86/EPUB/images/cover.png",
    "rootUrl": "b24d0c03-999d-473d-9485-5d095d189d86"
  },
  {
    "title": "Letter to Mum",
    "author": "Ursula Nafula",
    "subject": "English Reader",
    "grade": "Grade 2",
    "level": "Level 2",
    "language": "English",
    "coverHref": "4ac19f82-f11b-43c3-b854-2ce7e3c66351/EPUB/images/cover.png",
    "rootUrl": "4ac19f82-f11b-43c3-b854-2ce7e3c66351"
  },
  {
    "title": "Look at the animals",
    "author": "Jenny Katz",
    "subject": "English Reader",
    "grade": "Pre-primary",
    "level": "Level 1",
    "language": "English",
    "coverHref": "03c60f16-be1c-4888-83b8-fba59d151e29/EPUB/images/cover.png",
    "rootUrl": "03c60f16-be1c-4888-83b8-fba59d151e29"
  },
  {
    "title": "Mulongo and the Hyenas",
    "author": "Sarah Nangobi",
    "subject": "English Reader",
    "grade": "Grade 2",
    "level": "Level 2",
    "language": "English",
    "coverHref": "2e2853ca-166a-4560-8418-05867612b622/OEBPS/Images/cover.png",
    "rootUrl": "2e2853ca-166a-4560-8418-05867612b622"
  },
  {
    "title": "Musau saves his Father",
    "author": "Kanyiva Sandi",
    "subject": "English Reader",
    "grade": "Grade 2",
    "level": "Level 2",
    "language": "English",
    "coverHref": "f0313761-b524-48ca-97a6-388be5ccda34/EPUB/images/cover.png",
    "rootUrl": "f0313761-b524-48ca-97a6-388be5ccda34"
  },
  {
    "title": "One hot Saturday afternoon",
    "author": "Tessa Welch",
    "subject": "English Reader",
    "grade": "Grade 2",
    "level": "Level 2",
    "language": "English",
    "coverHref": "0e247df5-2a86-42fc-9c94-e073a5a6d7ad/OEBPS/Images/cover.png",
    "rootUrl": "0e247df5-2a86-42fc-9c94-e073a5a6d7ad"
  },
  {
    "title": "People who forgot",
    "author": "Edwin Irabor",
    "subject": "English Reader",
    "grade": "Grade 2",
    "level": "Level 2",
    "language": "English",
    "coverHref": "6913bf84-8242-4164-8881-f0655ebed99c/EPUB/images/cover.jpg",
    "rootUrl": "6913bf84-8242-4164-8881-f0655ebed99c"
  },
  {
    "title": "Pretty golden pen",
    "author": "Ahmed Mardiya and Ibrahim Sharifa",
    "subject": "English Reader",
    "grade": "Grade 3",
    "level": "Level 3",
    "language": "English",
    "coverHref": "6d11e7fc-f605-44b0-b7f9-537780bdd01a/OEBPS/Images/cover.jpg",
    "rootUrl": "6d11e7fc-f605-44b0-b7f9-537780bdd01a"
  },
  {
    "title": "Rats",
    "author": "Lourenço Magaia Sabão",
    "subject": "English Reader",
    "grade": "Grade 2",
    "level": "Level 2",
    "language": "English",
    "coverHref": "099a113a-bd14-4c39-9546-0f73a1788f5a/OEBPS/Images/cover.png",
    "rootUrl": "099a113a-bd14-4c39-9546-0f73a1788f5a"
  },
  {
    "title": "Refiloe and the washed chickens",
    "author": "Marion Drew",
    "subject": "English Reader",
    "grade": "Grade 4",
    "level": "Level 4",
    "language": "English",
    "coverHref": "cb4d9b23-9ed9-4c8b-8c3f-5d842494d9b8/EPUB/images/cover.png",
    "rootUrl": "cb4d9b23-9ed9-4c8b-8c3f-5d842494d9b8"
  },
  {
    "title": "Run Rabbit run!",
    "author": "Phumy Zikode",
    "subject": "English Reader",
    "grade": "Grade 1",
    "level": "Level 1",
    "language": "English",
    "coverHref": "5fdf28b7-1a5e-46e9-9c1c-74a7a307e16e/OEBPS/Images/cover.jpg",
    "rootUrl": "5fdf28b7-1a5e-46e9-9c1c-74a7a307e16e"
  },
  {
    "title": "Sheep who got tired of city life",
    "author": "Mohammed Alhaji Modu",
    "subject": "English Reader",
    "grade": "Grade 2",
    "level": "Level 2",
    "language": "English",
    "coverHref": "41d22448-be89-4db2-874a-2f8f545b5fa3/OEBPS/Images/cover.jpg",
    "rootUrl": "41d22448-be89-4db2-874a-2f8f545b5fa3"
  },
  {
    "title": "Sun, Moon and Water",
    "author": "Owino Ogot",
    "subject": "English Reader",
    "grade": "Grade 1",
    "level": "Level 1",
    "language": "English",
    "coverHref": "5c4f2adb-5661-4f3e-927d-3ef517b21803/OEBPS/Images/cover.jpg",
    "rootUrl": "5c4f2adb-5661-4f3e-927d-3ef517b21803"
  },
  {
    "title": "Teeth",
    "author": "Clare Verbeek, Thembani Dladla, Zanele Buthelezi",
    "subject": "English Reader",
    "grade": "Pre-primary",
    "level": "Level 1",
    "language": "English",
    "coverHref": "70690040-8f30-472f-939f-d647771507e9/OEBPS/Images/cover.png",
    "rootUrl": "70690040-8f30-472f-939f-d647771507e9"
  },
  {
    "title": "The adventures of supercow",
    "author": "Danielle Bruckert",
    "subject": "English Reader",
    "grade": "Pre-primary",
    "level": "Level 1",
    "language": "English",
    "coverHref": "bcd5ff00-8bf6-4d4d-aa12-236ff480a43e/EPUB/images/cover.png",
    "rootUrl": "bcd5ff00-8bf6-4d4d-aa12-236ff480a43e"
  },
  {
    "title": "The Blacksmith's dilemma",
    "author": "Ugandan Folktale",
    "subject": "English Reader",
    "grade": "Grade 3",
    "level": "Level 3",
    "language": "English",
    "coverHref": "39cbd759-fe0d-4c5b-baf7-acb4ff878fbb/OEBPS/Images/cover.png",
    "rootUrl": "39cbd759-fe0d-4c5b-baf7-acb4ff878fbb"
  },
  {
    "title": "The Moon and the cap",
    "author": "Noni",
    "subject": "English Reader",
    "grade": "Grade 2",
    "level": "Level 2",
    "language": "English",
    "coverHref": "02a09179-1f08-42fe-b1a9-7862bcdc6fa9/OEBPS/Images/cover.png",
    "rootUrl": "02a09179-1f08-42fe-b1a9-7862bcdc6fa9"
  },
  {
    "title": "The Rain Bird",
    "author": "Joanne Bloch",
    "subject": "English Reader",
    "grade": "Grade 4",
    "level": "Level 4",
    "language": "English",
    "coverHref": "e190b06d-65df-4985-a169-5d77bc82279b/EPUB/images/cover.png",
    "rootUrl": "e190b06d-65df-4985-a169-5d77bc82279b"
  },
  {
    "title": "Whoever does not obey elders",
    "author": "Yakubu Aliyu Malumri",
    "subject": "English Reader",
    "grade": "Grade 2",
    "level": "Level 2",
    "language": "English",
    "coverHref": "5eb8d554-408a-4349-b202-3bc8f50cd77f/OEBPS/Images/cover.png",
    "rootUrl": "5eb8d554-408a-4349-b202-3bc8f50cd77f"
  }
]